{"500k": {"var": 0.9851754550572337, "count": 73, "mean": -0.7945205479452054}, "100k": {"var": 13.110342176086116, "count": 51, "mean": -0.21568627450980393}, "experimentname": "My Exp 1"}